101,Rahul1,25,1000,Tester,Testing,P11,Insurance,Mohan,Bangalore,Karnataka
102,Rahul2,26,2000,Developer,Development,P12,Patient,Prakhar,Bangalore,Karnataka
103,Rahul3,27,3000,Trainer,Sales,P13,Health,Payal,Pune,Maharashtra
104,Rahul4,28,4000,Intern,HR,P11,Insurance,Payal,Kanpur,UP
105,Rahul5,29,5000,,HR,P12,Patient,Sumati,Noida,Delhi
106,Rahul6,30,6000,Tester,Marketing,P14,Airport,Bhuvana,Panchmarhi,MP
107,Rahul7,31,7000,Developer,Testing,P10,Railways,Payal,Kanpur,UP
108,Rahul8,32,8000,Trainer,Sales,P11,Insurance,Payal,Pune,Maharashtra
109,Rahul9,33,9000,Intern,Testing,P11,Insurance,Mohan,Bangalore,Karnataka
110,Rahul10,34,10000,Associate,Development,P12,Patient,Prakhar,Bangalore,Karnataka
111,Rahul11,35,11000,,Sales,P13,Health,Mohan,Pune,Maharashtra
112,Rahul12,36,12000,Developer,HR,P11,Insurance,Prakhar,Kanpur,UP
113,Rahul13,37,13000,,HR,P12,Patient,Payal,Noida,Delhi
114,Rahul14,38,14000,Intern,Marketing,P14,Airport,Payal,Panchmarhi,MP
115,Rahul15,39,15000,Associate,Testing,P10,Railways,Sumati,Kanpur,UP
116,Rahul16,40,16000,,Sales,P11,Insurance,Bhuvana,Pune,Maharashtra
117,Rahul17,41,17000,Developer,Testing,P11,Insurance,Payal,Bangalore,Karnataka
118,Rahul18,42,18000,Trainer,Development,P12,Patient,Payal,Bangalore,Karnataka
119,Rahul19,43,19000,Intern,Sales,P13,Health,Mohan,Pune,Maharashtra
120,Rahul20,44,20000,Associate,HR,P11,Insurance,Prakhar,Kanpur,UP
121,Rahul21,45,21000,Tester,HR,P12,Patient,Mohan,Noida,Delhi
122,Rahul22,46,22000,,Marketing,P14,Airport,Prakhar,Bangalore,Karnataka
123,Rahul23,47,23000,Trainer,Testing,P10,Railways,Payal,Bangalore,Karnataka
124,Rahul24,48,24000,Intern,Sales,P11,Insurance,Payal,Pune,Maharashtra
125,Rahul25,49,25000,Associate,Testing,P11,Insurance,Sumati,Kanpur,UP
126,Rahul26,50,26000,Tester,Development,P12,Patient,Bhuvana,Noida,Delhi
127,Rahul27,51,27000,Developer,Sales,P13,Health,Payal,Panchmarhi,MP
128,Rahul28,52,28000,Trainer,HR,P11,Insurance,Payal,Kanpur,UP
129,Rahul29,53,29000,Intern,HR,P12,Patient,Mohan,Pune,Maharashtra
130,Rahul30,54,30000,Associate,Marketing,P14,Airport,Prakhar,Bangalore,Karnataka
131,Rahul31,55,31000,Tester,Testing,P10,Railways,Mohan,Bangalore,Karnataka
132,Rahul32,56,32000,Developer,Sales,P11,Insurance,Prakhar,Pune,Maharashtra
133,Rahul33,57,33000,Trainer,Testing,P11,Insurance,Payal,Kanpur,UP
134,Rahul34,58,34000,Intern,Development,P12,Patient,Payal,Noida,Delhi
135,Rahul35,59,35000,Associate,Sales,P13,Health,Sumati,Panchmarhi,MP
136,Rahul36,60,36000,Tester,HR,P11,Insurance,Bhuvana,Kanpur,UP
137,Rahul37,61,37000,Developer,HR,P12,Patient,Payal,Pune,Maharashtra
138,Rahul38,62,38000,Trainer,Marketing,P14,Airport,Payal,Bangalore,Karnataka
139,Rahul39,63,39000,Intern,Testing,P10,Railways,Mohan,Bangalore,Karnataka
140,Rahul40,64,40000,Associate,Sales,P11,Insurance,Prakhar,Pune,Maharashtra
141,Rahul41,65,41000,,Testing,P11,Insurance,Mohan,Kanpur,UP
142,Rahul42,66,42000,Developer,Development,P12,Patient,Prakhar,Noida,Delhi
143,Rahul43,67,43000,Trainer,Sales,P13,Health,Payal,Bangalore,Karnataka
144,Rahul44,68,44000,Intern,HR,P11,Insurance,Payal,Bangalore,Karnataka
145,Rahul45,69,45000,Associate,HR,P12,Patient,Sumati,Pune,Maharashtra
146,Rahul46,70,46000,,Marketing,P14,Airport,Bhuvana,Kanpur,UP
147,Rahul47,71,47000,Developer,Testing,P10,Railways,Payal,Noida,Delhi
148,Rahul48,72,48000,Trainer,Sales,P11,Insurance,Payal,Panchmarhi,MP
149,Rahul49,73,49000,Intern,Testing,P11,Insurance,Mohan,Kanpur,UP
150,Rahul50,74,50000,Associate,Development,P12,Patient,Prakhar,Pune,Maharashtra
151,Rahul51,10,51000,Tester,Sales,P13,Health,Mohan,Bangalore,Karnataka
152,Rahul52,11,52000,Developer,HR,P11,Insurance,Prakhar,Bangalore,Karnataka
153,Rahul53,12,53000,Trainer,HR,P12,Patient,Payal,Pune,Maharashtra
154,Rahul54,13,54000,Intern,Marketing,P14,Airport,Payal,Kanpur,UP
155,Rahul55,14,55000,Associate,Testing,P10,Railways,Sumati,Noida,Delhi
156,Rahul56,15,56000,Tester,Sales,P11,Insurance,Bhuvana,Panchmarhi,MP
157,Rahul57,16,57000,Developer,Testing,P11,Insurance,Payal,Kanpur,UP
158,Rahul58,17,58000,Trainer,Development,P12,Patient,Payal,Pune,Maharashtra
159,Rahul59,18,59000,Intern,Sales,P13,Health,Mohan,Bangalore,Karnataka
160,Rahul60,19,60000,Associate,HR,P11,Insurance,Prakhar,Bangalore,Karnataka
161,Rahul61,20,61000,Tester,HR,P12,Patient,Mohan,Pune,Maharashtra
162,Rahul62,21,62000,Developer,Marketing,P14,Airport,Prakhar,Kanpur,UP
163,Rahul63,22,63000,Trainer,Testing,P10,Railways,Payal,Noida,Delhi
164,Rahul64,23,64000,,Sales,P11,Insurance,Payal,Bangalore,Karnataka
165,Rahul65,24,65000,Associate,Testing,P11,Insurance,Sumati,Bangalore,Karnataka
166,Rahul66,25,66000,Tester,Development,P12,Patient,Bhuvana,Pune,Maharashtra
167,Rahul67,26,67000,Developer,Sales,P13,Health,Payal,Kanpur,UP
168,Rahul68,27,68000,Trainer,HR,P11,Insurance,Payal,Noida,Delhi
169,Rahul69,28,69000,Intern,HR,P12,Patient,Mohan,Panchmarhi,MP
170,Rahul70,29,70000,Associate,Marketing,P14,Airport,Prakhar,Kanpur,UP
171,Rahul71,30,71000,Tester,Testing,P10,Railways,Mohan,Pune,Maharashtra
172,Rahul72,31,72000,Developer,Sales,P11,Insurance,Prakhar,Bangalore,Karnataka
173,Rahul73,32,73000,Trainer,Testing,P11,Insurance,Payal,Bangalore,Karnataka
174,Rahul74,33,74000,Intern,Development,P12,Patient,Payal,Pune,Maharashtra
175,Rahul75,34,75000,Associate,Sales,P13,Health,Sumati,Kanpur,UP
176,Rahul76,35,76000,Tester,HR,P11,Insurance,Bhuvana,Noida,Delhi
177,Rahul77,36,77000,Developer,HR,P12,Patient,Payal,Panchmarhi,MP
178,Rahul78,37,78000,Trainer,Marketing,P14,Airport,Payal,Kanpur,UP
179,Rahul79,38,79000,Intern,Testing,P10,Railways,Mohan,Pune,Maharashtra
180,Rahul80,39,80000,,Sales,P11,Insurance,Prakhar,Bangalore,Karnataka
181,Rahul81,40,81000,Tester,Testing,P11,Insurance,Mohan,Bangalore,Karnataka
182,Rahul82,41,82000,Developer,Development,P12,Patient,Prakhar,Pune,Maharashtra
183,Rahul83,42,83000,Trainer,Sales,P13,Health,Payal,Kanpur,UP
184,Rahul84,43,84000,Intern,HR,P11,Insurance,Payal,Noida,Delhi
185,Rahul85,44,85000,Associate,HR,P12,Patient,Sumati,Bangalore,Karnataka
186,Rahul86,45,86000,Tester,Marketing,P14,Airport,Bhuvana,Bangalore,Karnataka
187,Rahul87,46,87000,Developer,Testing,P10,Railways,Payal,Pune,Maharashtra
188,Rahul88,47,88000,Trainer,Sales,P11,Insurance,Payal,Kanpur,UP
189,Rahul89,48,89000,Intern,Testing,P11,Insurance,Mohan,Noida,Delhi
190,Rahul90,49,90000,Associate,Development,P12,Patient,Prakhar,Panchmarhi,MP
191,Rahul91,50,91000,Tester,Sales,P13,Health,Mohan,Kanpur,UP
192,Rahul92,51,92000,Developer,HR,P11,Insurance,Prakhar,Pune,Maharashtra
193,Rahul93,52,93000,Trainer,HR,P12,Patient,Payal,Bangalore,Karnataka
194,Rahul94,53,94000,Intern,Marketing,P14,Airport,Payal,Bangalore,Karnataka
195,Rahul95,54,95000,Associate,Testing,P10,Railways,Sumati,Pune,Maharashtra
196,Rahul96,55,96000,,Sales,P11,Insurance,Bhuvana,Kanpur,UP
197,Rahul97,56,97000,Developer,Testing,P11,Insurance,Payal,Noida,Delhi
198,Rahul98,57,98000,Trainer,Development,P12,Patient,Payal,Panchmarhi,MP
199,Rahul99,58,99000,Intern,Sales,P13,Health,Mohan,Kanpur,UP
200,Rahul100,59,100000,Associate,HR,P11,Insurance,Prakhar,Pune,Maharashtra
201,Rahul101,60,101000,Tester,HR,P12,Patient,Mohan,Bangalore,Karnataka
202,Rahul102,61,102000,Developer,Marketing,P14,Airport,Prakhar,Bangalore,Karnataka
203,Rahul103,62,103000,Trainer,Testing,P10,Railways,Payal,Pune,Maharashtra
204,Rahul104,63,104000,Intern,Sales,P11,Insurance,Payal,Kanpur,UP
205,Rahul105,64,105000,,Testing,P11,Insurance,Sumati,Noida,Delhi
206,Rahul106,65,106000,Tester,Development,P12,Patient,Bhuvana,Bangalore,Karnataka
207,Rahul107,66,107000,Developer,Sales,P13,Health,Payal,Bangalore,Karnataka
208,Rahul108,67,108000,Trainer,HR,P11,Insurance,Payal,Pune,Maharashtra
209,Rahul109,68,109000,Intern,HR,P12,Patient,Mohan,Kanpur,UP
210,Rahul110,69,110000,Associate,Marketing,P14,Airport,Prakhar,Noida,Delhi
211,Rahul111,70,111000,Tester,Testing,P10,Railways,Mohan,Panchmarhi,MP
212,Rahul112,71,112000,Developer,Sales,P11,Insurance,Prakhar,Kanpur,UP
213,Rahul113,72,113000,Trainer,Testing,P11,Insurance,Payal,Pune,Maharashtra
214,Rahul114,73,114000,Intern,Development,P12,Patient,Payal,Bangalore,Karnataka
215,Rahul115,74,115000,Associate,Sales,P13,Health,Sumati,Bangalore,Karnataka
216,Rahul116,75,116000,Tester,HR,P11,Insurance,Bhuvana,Pune,Maharashtra
217,Rahul117,10,117000,Developer,HR,P12,Patient,Payal,Kanpur,UP
218,Rahul118,11,118000,Trainer,Marketing,P14,Airport,Payal,Noida,Delhi
219,Rahul119,12,119000,Intern,Testing,P10,Railways,Mohan,Panchmarhi,MP
220,Rahul120,13,120000,,Sales,P11,Insurance,Prakhar,Kanpur,UP
221,Rahul121,14,121000,,Testing,P11,Insurance,Mohan,Pune,Maharashtra
222,Rahul122,15,122000,Developer,Development,P12,Patient,Prakhar,Bangalore,Karnataka
223,Rahul123,16,123000,,Sales,P13,Health,Payal,Bangalore,Karnataka
224,Rahul124,17,124000,Intern,HR,P11,Insurance,Payal,Pune,Maharashtra
225,Rahul125,18,125000,Associate,HR,P12,Patient,Sumati,Kanpur,UP
226,Rahul126,19,126000,Tester,Marketing,P14,Airport,Bhuvana,Noida,Delhi
227,Rahul127,20,127000,Developer,Testing,P10,Railways,Payal,Bangalore,Karnataka
228,Rahul128,21,128000,Trainer,Sales,P11,Insurance,Payal,Bangalore,Karnataka
229,Rahul129,22,129000,Intern,Testing,P11,Insurance,Mohan,Pune,Maharashtra
230,Rahul130,23,130000,Associate,Development,P12,Patient,Prakhar,Kanpur,UP
231,Rahul131,24,131000,Tester,Sales,P13,Health,Mohan,Noida,Delhi
232,Rahul132,25,132000,Developer,HR,P11,Insurance,Prakhar,Panchmarhi,MP
233,Rahul133,26,133000,Trainer,HR,P12,Patient,Payal,Kanpur,UP
234,Rahul134,27,134000,Intern,Marketing,P14,Airport,Payal,Pune,Maharashtra
235,Rahul135,28,135000,Associate,Testing,P10,Railways,Sumati,Bangalore,Karnataka
236,Rahul136,29,136000,Tester,Sales,P11,Insurance,Bhuvana,Bangalore,Karnataka
237,Rahul137,30,137000,Developer,Testing,P11,Insurance,Payal,Pune,Maharashtra
238,Rahul138,31,138000,,Development,P12,Patient,Payal,Kanpur,UP
239,Rahul139,32,139000,Intern,Sales,P13,Health,Mohan,Noida,Delhi
240,Rahul140,33,140000,Associate,HR,P11,Insurance,Prakhar,Panchmarhi,MP
